first_name,last_name,email,section,major1,major2,minor1,minor2
Leontyne,Abbe,labbemx@dion.ne.jp,9,Psychology,,,
Beryle,Abbotts,babbotts4a@taobao.com,9,Women & Gender Studies,,,
Tobye,Ablott,tablottjt@live.com,3,Criminology,Computer Science,,
Bonnibelle,Adams,badamso1@usda.gov,9,Psychology,,,
Shurlock,Agdahl,sagdahl21@histats.com,3,Criminology,Computer Science,,
Karil,Aisman,kaisman9m@guardian.co.uk,1,Biology,,Accounting,
Salim,Aiston,saistoni6@cpanel.net,4,Journalism,History,,
Catina,Aistrop,caistropls@nbcnews.com,5,Accounting,Statistics,Psychology,
Skell,Akers,sakersc1@dailymotion.com,9,Women & Gender Studies,,,
Malory,Alcorn,malcornnw@vkontakte.ru,3,Criminology,Computer Science,,
Norrie,Alcorn,nalcorndk@hao123.com,8,Nursing,,Journalism,
Caesar,Aldwich,caldwich43@java.com,8,Nursing,,Journalism,
Jesselyn,Aleavy,jaleavy6h@hostgator.com,7,History,,,
Beatrix,Algate,balgate7f@accuweather.com,4,Journalism,History,,
Tabby,Allabarton,tallabarton7j@si.edu,8,Nursing,,Journalism,
Jordain,Alldis,jalldis1j@elpais.com,11,Philiosophy,,,
Charlotta,Alliband,calliband14@stanford.edu,2,Computer Engineering,Chemistry,Biology,
Molly,Alsop,malsophh@google.es,3,Criminology,Computer Science,,
Tonie,Alstead,talsteadn7@bloomberg.com,4,Journalism,,History,
Harrietta,Andreasson,handreasson7d@soundcloud.com,11,Interactive Mulitmedia,,,
Nelie,Andreoletti,nandreolettia5@amazonaws.com,11,Philiosophy,,,
Ariadne,Angood,aangoodeq@netlog.com,8,Mechanical Engineering,,,
Karel,Antczak,kantczakco@opensource.org,11,Music,,,
Caron,Antonetti,cantonetti3w@yellowpages.com,7,History,,,
Carma,Antosik,cantosik9c@ameblo.jp,11,Political Science,,,
Lorelei,Antunez,lantunezq@nature.com,11,Political Science,,,
Zelma,Archdeckne,zarchdecknecx@cnbc.com,3,Economics,Computer Science,,
Mindy,Arkow,markowoc@instagram.com,3,Criminology,Computer Science,,
Daphna,Arnow,darnowep@about.me,8,Mathematics,,Interactive Mulitmedia,Health & Exercise Science
Rosaline,Aron,raron2s@youtu.be,1,Chemistry,Art History,,
Wilhelm,Aronsohn,waronsohnpp@umich.edu,2,Computer Science,Communication Studies,,
Wendy,Arrault,warraultaa@chronoengine.com,11,Statistics,,,
Giordano,Ashdown,gashdownnu@google.co.jp,9,Women & Gender Studies,,,
Loise,Aslott,laslottdb@51.la,3,Finance,Economics,,
Fran,Aspinall,faspinallae@un.org,5,African American Studies,Women & Gender Studies,Statistics,
Rodd,Attkins,rattkins8x@about.com,11,Criminology,,,
Pam,Augie,paugie1e@studiopress.com,4,Journalism,,History,
Kipp,Austins,kaustins61@sina.com.cn,3,Economics,Computer Science,,
Nicolai,Avraham,navrahamq4@nytimes.com,2,Computer Science,Communication Studies,,
Pedro,Baldelli,pbaldelliqm@webmd.com,2,Computer Science,Communication Studies,,
Winne,Balderstone,wbalderstone6k@businesswire.com,4,Journalism,,History,
Melantha,Baldinotti,mbaldinotti4d@china.com.cn,5,African American Studies,Women & Gender Studies,Statistics,
Berte,Barbara,bbarbarann@time.com,8,Mathematics,,Interactive Mulitmedia,Health & Exercise Science
Charmian,Barden,cbardenb4@wordpress.org,11,Sociology,,,
Connor,Barnwell,cbarnwell6q@ucsd.edu,11,Physics,,,
Angel,Barrable,abarrablerh@businesswire.com,11,Statistics,,,
Herman,Barsham,hbarshamcz@mozilla.org,5,African American Studies,Women & Gender Studies,Statistics,
Debora,Barten,dbartenq9@ted.com,2,Computer Science,Communication Studies,Art History,
Neils,Barthel,nbarthelgq@zimbio.com,5,Accounting,Statistics,Psychology,
Gayle,Bartolomucci,gbartolomuccia4@adobe.com,8,Nursing,,,
Cam,Barttrum,cbarttrump7@oakley.com,2,Computer Science,Communication Studies,Art History,
Reinhold,Baugham,rbaughamrc@springer.com,4,Journalism,,History,
Alexis,Baunton,abaunton7t@t-online.de,5,African American Studies,Women & Gender Studies,Statistics,
Brynne,Bazek,bbazek57@webnode.com,5,Accounting,Statistics,Psychology,
Nev,Beavis,nbeavis2a@sphinn.com,8,Mathematics,,Interactive Mulitmedia,
Magnum,Becken,mbeckeno0@umn.edu,8,Mathematics,,Interactive Mulitmedia,
Wilek,Bedome,wbedomeot@issuu.com,3,Finance,Economics,,
Evin,Beiderbeck,ebeiderbeckmv@t-online.de,11,Philiosophy,,,
Umberto,Bellhouse,ubellhouseda@nationalgeographic.com,11,English,,,
Gardy,Bembridge,gbembridgejz@yandex.ru,8,Mechanical Engineering,,,
Mirabel,Bendall,mbendallfy@nationalgeographic.com,11,Philiosophy,,,
Vachel,Benedit,vbeneditim@upenn.edu,2,Computer Science,Communication Studies,Art History,
Justine,Beneix,jbeneix59@1und1.de,1,Anthropology,,Women & Gender Studies,
Nomi,Benjamin,nbenjaminc2@globo.com,3,Economics,,Computer Science,
Britney,Benning,bbenninggc@washingtonpost.com,3,English,Criminology,,
Somerset,Benoiton,sbenoitondr@oakley.com,9,Women & Gender Studies,,Political Science,
Erroll,Benton,ebentonkj@psu.edu,8,Mathematics,,Interactive Mulitmedia,
Charlotte,Bernaciak,cbernaciakqj@meetup.com,2,Computer Science,Communication Studies,Art History,
Genna,Bernardet,gbernardetp0@cornell.edu,11,Criminology,,,
Thoma,Berrecloth,tberreclotha3@github.com,11,Music,,,
Bartie,Bert,bberta@hubpages.com,2,Computer Science,Communication Studies,Art History,
Carolyn,Bertson,cbertson8h@studiopress.com,11,Political Science,,,
Inge,Besson,ibessonu@scientificamerican.com,9,Women & Gender Studies,,Political Science,
Vonnie,Bett,vbettbv@edublogs.org,11,Philiosophy,,,
Yule,Betty,ybetty2o@japanpost.jp,1,Anthropology,,Women & Gender Studies,
Bennie,Bidgod,bbidgodfi@furl.net,9,Women & Gender Studies,,Political Science,
Brady,Bidgod,bbidgodnf@issuu.com,9,Women & Gender Studies,,Political Science,
Kaleb,Biggar,kbiggar94@yellowbook.com,7,Interdisciplinary Studies,,English,
Lilian,Bilson,lbilsonhn@imageshack.us,8,Mechanical Engineering,,,
Niven,Birks,nbirks5h@google.de,11,Criminology,,,
Chrissie,Birney,cbirneyh4@lulu.com,11,Philiosophy,,,
Bella,Birtonshaw,bbirtonshaw6d@storify.com,6,Electrical Engineering,,Computer Science,
Jone,Bispo,jbispojo@webnode.com,1,Biology,,Accounting,
Celka,Blackaller,cblackaller5f@wired.com,2,Computer Engineering,Chemistry,Biology,
Rollin,Blackborow,rblackborow2r@hp.com,5,Biomedical Engineering,,Accounting,
Mac,Blacksell,mblacksellf7@comsenz.com,3,Finance,Economics,,
Ameline,Blakeston,ablakestone6@creativecommons.org,5,Music,Mathematics,Journalism,
Lance,Blaksley,lblaksley3k@businesswire.com,11,Art History,,Statistics,
Maurie,Blouet,mblouetif@google.co.uk,9,Women & Gender Studies,,Political Science,
Jerrine,Blunsum,jblunsumf@wp.com,11,Health & Exercise Science,,,
Barclay,Boast,bboastd4@artisteer.com,1,Chemistry,Art History,,
Phylys,Bocken,pbockenbe@flavors.me,1,Chemistry,Art History,,
Marcy,Boldison,mboldisonkn@w3.org,11,Physics,,,
Geoff,Boncore,gboncoren4@nih.gov,11,Criminology,,,
Margi,Boog,mboogke@php.net,11,Criminology,,,
Lissie,Borg,lborgni@blogs.com,2,Computer Science,Communication Studies,Art History,
Ced,Bortoli,cbortolign@infoseek.co.jp,11,Statistics,,,
Hollyanne,Bortoluzzi,hbortoluzzi67@jigsy.com,5,Biomedical Engineering,,Accounting,
Harp,Botha,hbotha6p@deliciousdays.com,9,Philiosophy,,Music,
Rina,Bourthouloume,rbourthouloume8@washingtonpost.com,11,Communication Studies,,,
Eleanora,Boyack,eboyackct@artisteer.com,9,Psychology,,,
Aindrea,Boyan,aboyan8b@theguardian.com,8,Mathematics,,Interactive Mulitmedia,
Berkly,Brace,bbracehj@tripod.com,3,Finance,Economics,,
Violet,Braker,vbrakerbq@wisc.edu,4,Journalism,,History,
Dewain,Bramont,dbramont9s@slashdot.org,11,Criminology,,,
Giorgia,Brayley,gbrayleyjp@amazon.co.jp,1,Chemistry,Art History,,
Meade,Bredgeland,mbredgelandr3@51.la,4,Journalism,,History,
Aryn,Breens,abreenskx@washington.edu,2,Computer Engineering,Chemistry,Biology,
Ara,Breyt,abreytc8@miibeian.gov.cn,5,Biomedical Engineering,,Accounting,
Mackenzie,Briddle,mbriddleff@hostgator.com,9,Psychology,,,
Erna,Bridgen,ebridgeni1@nyu.edu,2,Computer Science,Communication Studies,Art History,
Karrah,Brigstock,kbrigstock3z@jiathis.com,4,Journalism,,History,
Gale,Brinkler,gbrinklerfo@time.com,2,Computer Engineering,Chemistry,,
Inesita,Brixey,ibrixeyaz@yahoo.com,11,Nursing,,,
Loreen,Brockhurst,lbrockhurstb8@craigslist.org,5,Accounting,Statistics,Psychology,
Keri,Brodley,kbrodleyrj@psu.edu,9,Statistics,,Political Science,
Sibilla,Bronot,sbronotoq@oaic.gov.au,9,Statistics,,Political Science,
Sara,Broomhall,sbroomhallfw@geocities.jp,11,Mechanical Engineering,,,
Archibold,Broschke,abroschke4m@altervista.org,11,Criminology,,,
Gale,Broxis,gbroxisf5@theguardian.com,11,Criminology,,,
Haslett,Bruckenthal,hbruckenthalbm@plala.or.jp,11,Health & Exercise Science,,,
Fairlie,Brudenell,fbrudenellfv@aboutads.info,8,Mathematics,,Interactive Mulitmedia,
Freddi,Brundale,fbrundalebc@marriott.com,1,Biology,,Accounting,
Cob,Brushfield,cbrushfieldoa@time.com,9,Statistics,,Political Science,
Antoinette,Buckie,abuckieap@ustream.tv,3,English,Criminology,,
Worthington,Buffy,wbuffy7x@nps.gov,1,Biomedical Engineering,Anthropology,Accounting,
Sarajane,Bullerwell,sbullerwell50@yandex.ru,11,Physics,,,
Britte,Bullus,bbullus55@myspace.com,9,Women & Gender Studies,,Political Science,
Saree,Buncom,sbuncomoo@spiegel.de,8,Mathematics,,Interactive Mulitmedia,
Marylin,Buncombe,mbuncombepi@accuweather.com,2,Computer Science,Communication Studies,Art History,
Tonye,Bunn,tbunnhb@artisteer.com,5,Accounting,Statistics,Psychology,
Natalina,Burberow,nburberowln@mail.ru,11,Physics,,,
Aidan,Burdoun,aburdoun33@facebook.com,7,Interdisciplinary Studies,,,
Rory,Burehill,rburehillm3@ted.com,9,Psychology,,Philiosophy,
Kissiah,Burleigh,kburleighnb@craigslist.org,11,Physics,,,
Loraine,Busch,lbuschme@cnbc.com,8,Mathematics,,Health & Exercise Science,
Shaine,Butterfield,sbutterfield1g@marketwatch.com,11,Mechanical Engineering,,,
Guillema,Byllam,gbyllam3v@baidu.com,11,Health & Exercise Science,,,
Delly,Byre,dbyrem@intel.com,5,Music,Mathematics,Journalism,
Agathe,Cabera,acaberamd@xrea.com,4,Journalism,,History,
Rutger,Cadigan,rcadigan68@seattletimes.com,1,Chemistry,Art History,,
Raina,Caffrey,rcaffreypo@discuz.net,2,Computer Science,Communication Studies,Art History,
Brewster,Calafato,bcalafatof6@sphinn.com,3,English,Criminology,,
Vic,Calam,vcalammo@wikia.com,11,Computer Science,,,
Ricardo,Caldaro,rcaldaro5t@macromedia.com,11,Nursing,,,
Birgit,Calderwood,bcalderwoodjc@youku.com,4,Journalism,,History,
Seumas,Callinan,scallinanpw@ibm.com,12,Computer Science,,,
Ruthi,Calloway,rcalloway8c@gov.uk,12,Mechanical Engineering,,,
Felicio,Calven,fcalven3o@unc.edu,12,Communication Studies,,,
Felic,Cambridge,fcambridge44@cnbc.com,9,Philiosophy,,Music,
Waneta,Cammiemile,wcammiemilec9@histats.com,5,Chemistry,Women & Gender Studies,African American Studies,
Allx,Candlish,acandlishn5@opera.com,3,Finance,Economics,,
Lynnell,Carik,lcariken@photobucket.com,7,History,,Criminology,
Inez,Caris,icaris5p@nsw.gov.au,4,Journalism,,History,
Ethelin,Carrabott,ecarrabottce@paypal.com,7,Electrical Engineering,,Computer Science,
Zahara,Cartmer,zcartmer3l@163.com,1,Biology,African American Studies,Accounting,
Thorvald,Casino,tcasinokd@mysql.com,12,Computer Science,,,
Sharlene,Cason,scason90@nsw.gov.au,3,Finance,,,
Hy,Castellaccio,hcastellacciof9@digg.com,4,Journalism,History,,
Killy,Castillou,kcastilloun3@creativecommons.org,12,Computer Science,,,
Giralda,Cator,gcatorh8@symantec.com,10,Statistics,,Psychology,
Roanna,Ceney,rceney2n@princeton.edu,5,African American Studies,Women & Gender Studies,Sociology,
Joly,Center,jcenterky@phpbb.com,12,Computer Science,,,
Thomasin,Cesaric,tcesaricjh@altervista.org,12,Physics,,,
Cornell,Chad,cchad2z@rediff.com,12,Finance,,,
Dede,Chanders,dchandersjn@cloudflare.com,5,Accounting,Statistics,Psychology,
Kyrstin,Chanson,kchanson5m@un.org,7,History,,Criminology,
Joli,Chesney,jchesneydv@imageshack.us,5,Chemistry,Women & Gender Studies,Anthropology,
Abram,Chessman,achessmanr4@netvibes.com,4,Journalism,History,,
Gilbertine,Chidgey,gchidgeyl2@weibo.com,7,History,,Criminology,
Tamera,Chisnall,tchisnallgr@miibeian.gov.cn,1,Biology,African American Studies,,
Woody,Chomley,wchomleypr@hao123.com,12,Computer Science,,,
Victoir,Chrichton,vchrichtonfu@zdnet.com,4,Journalism,History,,
Horatia,Christmas,hchristmasop@uiuc.edu,12,Psychology,,,
Kariotta,Christoffersen,kchristoffersenz@usda.gov,11,Art History,,Statistics,
Pennie,Christoffersen,pchristoffersenb1@icq.com,12,Physics,,,
Jarrad,Christou,jchristou9x@wikispaces.com,7,History,,Criminology,
Natal,Chue,nchuenx@desdev.cn,7,Finance,,Computer Science,
Letta,Ciccoloi,lciccoloiom@mail.ru,7,History,,Criminology,
Artair,Cicetti,acicetti40@de.vu,8,Mathematics,,Health & Exercise Science,
Burton,Clausner,bclausneris@tripod.com,8,Mathematics,,,
Verine,Cleary,vclearyna@jigsy.com,9,Philiosophy,,Music,
Nerty,Cleiment,ncleiment2t@msu.edu,12,Communication Studies,,,
Dare,Clementi,dclementiay@un.org,5,Music,Mathematics,Journalism,
Riordan,Cleminson,rcleminsonh2@163.com,12,Mechanical Engineering,,,
Cynthie,Cobbled,ccobbled2d@bigcartel.com,12,Nursing,,,
Silvanus,Cockerill,scockerillrr@tamu.edu,7,History,,Criminology,
Stanford,Cockerill,scockerill26@biblegateway.com,7,History,,Criminology,
Simone,Cockle,scocklekl@stanford.edu,5,Music,Mathematics,Journalism,
Lula,Cohani,lcohani25@hostgator.com,12,Health & Exercise Science,,,
Mylo,Cokayne,mcokayneor@amazonaws.com,12,Computer Science,,,
Alex,Colcomb,acolcomb4y@woothemes.com,12,Nursing,,,
Marty,Coldbath,mcoldbath4t@symantec.com,7,Interdisciplinary Studies,,,
Kristen,Collyer,kcollyerbf@ning.com,12,Communication Studies,,,
Fedora,Comiskey,fcomiskeyig@zimbio.com,3,Economics,,Computer Science,
Paulo,Concklin,pconcklinlr@irs.gov,12,Women & Gender Studies,,,
Morris,Conkling,mconklingld@telegraph.co.uk,5,Accounting,Statistics,Psychology,
Justen,Constance,jconstance2y@amazonaws.com,3,English,Criminology,,
Susanetta,Conyer,sconyer24@stumbleupon.com,7,Finance,,Computer Science,
Georges,Copcote,gcopcoteha@reference.com,3,Economics,,Computer Science,
Rogerio,Coppeard,rcoppeardnh@devhub.com,5,Chemistry,Women & Gender Studies,Anthropology,
Penny,Coppins,pcoppins3a@nifty.com,12,Physics,,,
Hamnet,Cord,hcordgw@sakura.ne.jp,12,Criminology,,,
Judie,Corde,jcorde7v@rambler.ru,11,Art History,,Statistics,
Sharl,Corneille,scorneillekg@sina.com.cn,7,Finance,,Computer Science,
Lydia,Couser,lcouserdu@icq.com,1,Biology,African American Studies,,
Concettina,Crack,ccrackbu@google.fr,12,Nursing,,,
Kristina,Creighton,kcreightonks@princeton.edu,12,Economics,,,
Kilian,Cristou,kcristoui4@biblegateway.com,7,Finance,,Computer Science,
Shadow,Cromar,scromarq6@shareasale.com,12,Computer Science,,,
Margarita,Crosfeld,mcrosfeld4x@soundcloud.com,5,Music,Mathematics,,
Row,Crossgrove,rcrossgrovekw@cafepress.com,12,Communication Studies,,,
Halie,Crossley,hcrossley9l@webmd.com,11,Art History,,,
Trista,Crum,tcrum5l@tamu.edu,12,Health & Exercise Science,,,
Clementius,Curcher,ccurcherbd@chron.com,1,Biomedical Engineering,Anthropology,Accounting,Women & Gender Studies
Karia,Curless,kcurless1q@posterous.com,12,Economics,,,
Claudina,Cursons,ccursons70@mayoclinic.com,1,Art History,,Women & Gender Studies,Statistics
Bentley,Custed,bcustedic@technorati.com,12,Psychology,,,
Ives,Cyson,icysone1@army.mil,7,Finance,,Computer Science,
Howey,D'Almeida,hdalmeida84@joomla.org,3,English,Criminology,,
Flossie,Dabel,fdabelhc@japanpost.jp,1,Biology,African American Studies,,
Benjie,Dahmke,bdahmkepk@ucsd.edu,12,Computer Science,,,
Link,Dalgarnowch,ldalgarnowch4l@instagram.com,12,Computer Science,,,
Miner,Damiral,mdamiral51@delicious.com,12,Political Science,,,
Willi,Damp,wdampnp@squidoo.com,9,Philiosophy,,Music,
Gerianna,Damrel,gdamrelf4@statcounter.com,12,Computer Science,,,
Hillier,Dan,hdanj6@wikia.com,2,Computer Engineering,Chemistry,,
Zelda,Danielczyk,zdanielczykl5@noaa.gov,12,Mechanical Engineering,,,
Donn,Danigel,ddanigel9e@blogspot.com,12,Sociology,,,
Alexei,Dannell,adannellnk@w3.org,7,Finance,,,
Baxie,Dansey,bdanseyo9@reverbnation.com,12,Psychology,,,
Frankie,Darbey,fdarbeymu@sciencedirect.com,12,Mechanical Engineering,,,
Kimbra,Davidou,kdavidouje@patch.com,12,Mechanical Engineering,,,
Georgianne,De Anesy,gdeanesy63@seesaa.net,5,African American Studies,Women & Gender Studies,Sociology,
Jack,De Carteret,jdecarteret1i@cafepress.com,12,Nursing,,,
Alley,De Giorgio,adegiorgiol0@last.fm,3,English,,,
Ashli,De Pietri,adepietrii2@dell.com,12,Criminology,,,
Luigi,Deam,ldeam1u@craigslist.org,1,Art History,,Women & Gender Studies,Statistics
El,Deare,edeareiv@digg.com,9,Philiosophy,,Music,
Iosep,Deeks,ideeksqv@webs.com,12,Computer Science,,,
Doria,Deeming,ddeeming3p@163.com,2,Computer Engineering,Chemistry,,
Randee,Deguara,rdeguaralc@bloglovin.com,12,Women & Gender Studies,,,
Mercy,Delgaty,mdelgatydj@pbs.org,5,Music,Mathematics,,
Alister,Demko,ademkone@youku.com,10,Statistics,,Psychology,
Abbey,Denerley,adenerleydt@printfriendly.com,5,Accounting,Statistics,Psychology,
Wade,Denny,wdennyx@smh.com.au,10,African American Studies,,,
Jolee,Denzilow,jdenzilow5v@redcross.org,12,Physics,,,
Berny,Deppen,bdeppen36@mediafire.com,12,Mechanical Engineering,,,
Shari,Descroix,sdescroixb6@ask.com,12,Women & Gender Studies,,,
Penelope,Deval,pdevalmy@usatoday.com,12,Sociology,,,
Claiborn,Di Biasi,cdibiasii@scribd.com,7,Interdisciplinary Studies,,,
Olva,Dillamore,odillamore86@hugedomains.com,12,Health & Exercise Science,,,
Loralee,Dingate,ldingate47@shutterfly.com,12,Psychology,,,
Karia,Dingsdale,kdingsdalen6@posterous.com,7,History,,Criminology,
Regine,Ditch,rditchh6@ebay.co.uk,12,Psychology,,,
Reynolds,Dominici,rdominici9v@flickr.com,7,Finance,,,
Archy,Domino,adomino7q@shutterfly.com,12,Women & Gender Studies,,,
Sarina,Domokos,sdomokosiq@tinypic.com,7,History,,Criminology,
Aurie,Donan,adonan9i@icq.com,10,Accounting,,Psychology,
Gianna,Donohoe,gdonohoeg1@clickbank.net,12,Sociology,,,
Tabbitha,Dooler,tdooler3g@yolasite.com,3,Economics,,Computer Science,
Alfred,Dorrity,adorrity95@wufoo.com,4,Journalism,History,,
Gael,Doutch,gdoutcha0@wisc.edu,4,Journalism,History,,
Henriette,Dovydenas,hdovydenasd6@indiegogo.com,2,Computer Engineering,Chemistry,,
Bank,Dow,bdowoh@webmd.com,12,Psychology,,,
Pearl,Downs,pdownsix@mayoclinic.com,12,Psychology,,,
Milissent,Drake,mdrake7h@ovh.net,13,Mechanical Engineering,,,
Eddy,Dransfield,edransfieldo6@weibo.com,4,History,Finance,Criminology,
Philippine,Draper,pdraperr@mashable.com,13,Psychology,,,
Gaven,Drayson,gdrayson99@utexas.edu,13,Nursing,,,
Bunni,Dreinan,bdreinanw@cocolog-nifty.com,10,Accounting,,Psychology,
Collette,Drinkeld,cdrinkeld7a@amazon.com,7,Finance,,,
Tully,Duchasteau,tduchasteauq7@google.nl,6,Computer Science,,Chemistry,
Dottie,Dufaire,ddufairerf@npr.org,10,Statistics,,Psychology,
Seymour,Duffell,sduffell3d@miibeian.gov.cn,13,Sociology,,,
Ellen,Duffin,eduffinnz@nasa.gov,4,Journalism,History,,
Jehu,Dugan,jdugana1@slideshare.net,8,Mathematics,,,
Arturo,Duke,adukemm@odnoklassniki.ru,10,Accounting,,Psychology,
Linda,Dulieu,ldulieuie@engadget.com,10,Statistics,,Psychology,
Benjy,Dumbleton,bdumbletono4@state.gov,13,Criminology,,,
Gottfried,Dumbleton,gdumbletonej@newyorker.com,13,Computer Science,,,
Mimi,Dunkersley,mdunkersleyqo@ustream.tv,13,Computer Science,,,
Carla,Dunkinson,cdunkinson9q@cbc.ca,2,Computer Engineering,Chemistry,,
Leonore,Dunridge,ldunridge2x@hao123.com,7,Electrical Engineering,,,
Sallyann,Durrant,sdurranta7@flickr.com,13,Political Science,,,
Erick,Dykas,edykasdw@mashable.com,5,Communication Studies,,Biomedical Engineering,
Clemmie,Dyte,cdytemt@goo.ne.jp,8,Mathematics,,,
Corey,Eadmeades,ceadmeadesiw@usgs.gov,13,Physics,,,
Basilio,Eam,beam8i@tripod.com,13,Psychology,,,
Gregorio,Earengey,gearengeypf@craigslist.org,13,Computer Science,,,
Feodor,Easum,feasumaq@fema.gov,7,Finance,,,
Haskell,Edwick,hedwick8k@livejournal.com,10,Statistics,,,
Veradis,Egle,vegle1d@technorati.com,7,Interdisciplinary Studies,,,
Eddie,Eilles,eeillesra@home.pl,4,Journalism,History,,
Friedrick,Ellerington,felleringtonf2@toplist.cz,6,Communication Studies,,Biomedical Engineering,
Yancy,Ellsom,yellsomh@virginia.edu,7,Interactive Mulitmedia,,English,
Carolin,Elnor,celnoroy@mit.edu,10,Statistics,,,
Reinwald,Eloi,reloifj@npr.org,3,Economics,,Computer Science,
Reeba,Elsom,relsomeu@yellowbook.com,13,Psychology,,,
Anderson,Entreis,aentreisr5@discovery.com,4,Journalism,Interactive Mulitmedia,,
Isac,Ericsson,iericssoncp@zdnet.com,13,Nursing,,,
Fairleigh,Esilmon,fesilmon8f@theguardian.com,9,Philiosophy,,Music,
Jaquelyn,Espadater,jespadaterkv@ucsd.edu,5,Chemistry,Women & Gender Studies,Anthropology,
Malvin,Essame,messamepe@noaa.gov,10,Statistics,,,
Leoline,Evill,leville5@soup.io,13,Mechanical Engineering,,,
Marilyn,Fairnie,mfairnieh7@odnoklassniki.ru,13,Sociology,,,
Angelia,Falconer,afalconerqp@abc.net.au,13,Computer Science,,,
Courtenay,Fann,cfannp1@google.com.hk,7,Finance,,,
Amara,Farenden,afarendena8@list-manage.com,13,Psychology,,,
Garwood,Farquharson,gfarquharsonka@booking.com,5,Chemistry,Women & Gender Studies,Anthropology,
Fitz,Farren,ffarrenec@arstechnica.com,13,Women & Gender Studies,,,
Cello,Faulds,cfauldscm@columbia.edu,8,Mathematics,,Interdisciplinary Studies,
Frances,Fermin,ffermingk@woothemes.com,13,Physics,,,
Glyn,Fiddymont,gfiddymont7l@bandcamp.com,9,Physics,,Music,Mathematics
Waite,Fidian,wfidianbw@ftc.gov,9,Physics,,Music,Mathematics
Zedekiah,Filby,zfilbygy@ucla.edu,7,Finance,,,
Winfred,Fildes,wfildes8t@360.cn,5,Chemistry,Women & Gender Studies,Anthropology,
Reena,Flintoft,rflintoftit@godaddy.com,13,Mechanical Engineering,,,
Hertha,Flohard,hflohardd2@netvibes.com,1,Biology,African American Studies,,
Danny,Flounders,dflounders60@networkadvertising.org,13,Women & Gender Studies,,,
Alexandre,Flucks,afluckskk@amazon.co.jp,13,Mechanical Engineering,,,
Madella,Font,mfontj7@ihg.com,13,Computer Science,,,
Agatha,Footer,afooter15@imdb.com,13,Computer Science,,,
Liana,Foxhall,lfoxhallqf@creativecommons.org,13,Computer Science,,,
Leola,Franchyonok,lfranchyonokol@cam.ac.uk,7,Finance,,Computer Science,
Emili,Fransson,efranssonl7@homestead.com,9,Philiosophy,,Music,
Bernadette,Franzewitch,bfranzewitch7e@baidu.com,7,Interdisciplinary Studies,,,
Tally,Franzonetti,tfranzonettim6@moonfruit.com,5,Women & Gender Studies,Statistics,,
Freedman,Frean,ffreanoj@alexa.com,13,Computer Science,,,
Baron,Freckleton,bfreckletond9@4shared.com,13,Electrical Engineering,,,
Julia,Freiburger,jfreiburgerob@nydailynews.com,13,Computer Science,,,
Jacobo,Frise,jfrisero@discuz.net,4,History,Finance,Criminology,
Stephen,Fulbrook,sfulbrookjd@parallels.com,8,Mathematics,,Interdisciplinary Studies,
Berti,Gabits,bgabits3h@auda.org.au,10,Accounting,,,
Agace,Gage,agageqr@sun.com,13,Computer Science,,,
Nolie,Gailor,ngailor3q@simplemachines.org,13,Computer Science,,,
Rhonda,Gaitskell,rgaitskellhi@hostgator.com,3,English,,,
Jeanelle,Galgey,jgalgeymg@reference.com,9,Philiosophy,,Music,
Rance,Gallo,rgallolw@usnews.com,7,Finance,,Computer Science,
Sampson,Gammidge,sgammidgeok@dyndns.org,13,Criminology,,,
Olenka,Ganderton,ogandertoney@nytimes.com,3,Economics,,Computer Science,
Tod,Ganforthe,tganforthed5@about.com,6,Communication Studies,,Biomedical Engineering,
Darda,Garbutt,dgarbutt2l@joomla.org,3,Economics,,Computer Science,
Tess,Gard,tgard4j@ustream.tv,6,Communication Studies,,Biomedical Engineering,
Domeniga,Garnson,dgarnson64@freewebs.com,1,Anthropology,,Women & Gender Studies,
Lorry,Garretts,lgarrettsin@deviantart.com,13,Criminology,,,
Erny,Gatiss,egatissil@eepurl.com,2,Computer Engineering,Chemistry,African American Studies,
Dinny,Gebbe,dgebbemf@liveinternet.ru,13,Mechanical Engineering,,,
Cristian,Geddis,cgeddisml@goo.gl,5,Women & Gender Studies,Statistics,,
Karin,Geikie,kgeikiedg@mysql.com,4,Journalism,Interactive Mulitmedia,,
Ursulina,Geldart,ugeldartlt@howstuffworks.com,5,Chemistry,Women & Gender Studies,Anthropology,
Emlyn,Gellert,egellert69@google.cn,6,Communication Studies,,Biomedical Engineering,
Melisande,Gellert,mgellertbs@tamu.edu,13,Mechanical Engineering,,,
Enrico,Gellion,egellionr0@gov.uk,4,Journalism,Interactive Mulitmedia,,
Innis,Genicke,igenicke6l@census.gov,8,Mathematics,,Interdisciplinary Studies,
Annis,Gerlack,agerlackbi@cbsnews.com,13,Criminology,,,
Fayette,Gerssam,fgerssam6s@ask.com,13,Psychology,,,
Udell,Gething,ugethingl8@umich.edu,9,Physics,,Music,Mathematics
Terrie,Gethouse,tgethouseqg@paypal.com,13,Computer Science,,,
Jerad,Gettings,jgettingsr6@cdbaby.com,4,Journalism,Interactive Mulitmedia,,
Pascal,Gianni,pgiannicw@sohu.com,5,Women & Gender Studies,Statistics,,
Jany,Gianolini,jgianolini76@techcrunch.com,6,Computer Science,,Communication Studies,Biology
Hazel,Gibson,hgibsonp2@dedecms.com,4,History,Finance,Criminology,
Percival,Giddens,pgiddensjx@tripadvisor.com,4,Journalism,Interactive Mulitmedia,,
Angel,Gillis,agillis1w@webeden.co.uk,1,Biomedical Engineering,Anthropology,Accounting,Women & Gender Studies
Allie,Giraldo,agiraldoqz@studiopress.com,4,Journalism,Interactive Mulitmedia,,
Nydia,Giraudoux,ngiraudoux1s@usda.gov,10,African American Studies,,,
Cyndia,Giraudy,cgiraudy7y@hubpages.com,5,Chemistry,Women & Gender Studies,Anthropology,
Ulla,Gissing,ugissingno@acquirethisname.com,13,Mechanical Engineering,,,
Biddie,Gladtbach,bgladtbachhl@jimdo.com,4,Journalism,Interactive Mulitmedia,,
Daryn,Glastonbury,dglastonbury6w@51.la,3,Economics,,Computer Science,
Terri,Glavis,tglavislb@naver.com,13,Statistics,,,
Bartolomeo,Goddert.sf,bgoddertsfck@behance.net,7,Interdisciplinary Studies,,Finance,
Evania,Godspeede,egodspeedei3@ted.com,3,English,,,
Filberte,Gofford,fgoffordrg@indiegogo.com,13,Statistics,,,
Blake,Goghin,bgoghinjj@newsvine.com,5,Sociology,Political Science,,
Abie,Golsworthy,agolsworthyd8@nih.gov,2,Criminology,Communication Studies,,
Aida,Gomersall,agomersallmq@youku.com,7,Finance,,Computer Science,
Keene,Goodfellowe,kgoodfellowe5c@sphinn.com,1,Biomedical Engineering,Art History,African American Studies,Women & Gender Studies
Marylin,Gooly,mgoolych@webs.com,13,Health & Exercise Science,,,
Jolyn,Gorwood,jgorwoodg4@cnet.com,13,Economics,,,
Winona,Gossage,wgossagebt@tinypic.com,5,Music,Mathematics,,
Tades,Goudie,tgoudieev@webs.com,5,Sociology,Political Science,,
Adelle,Gras,agrasjl@independent.co.uk,5,Women & Gender Studies,Statistics,Psychology,
Thorpe,Grason,tgrasongl@dot.gov,13,Psychology,,,
Ainslee,Gravet,agravetlv@4shared.com,2,Criminology,Communication Studies,,
Deina,Gravey,dgraveyn9@gizmodo.com,13,Mechanical Engineering,,,
Emmalynn,Greengrass,egreengrassn0@merriam-webster.com,10,Women & Gender Studies,,,
Stephanus,Greer,sgreergg@ebay.co.uk,8,Mathematics,,Interdisciplinary Studies,
Glynnis,Gregoire,ggregoirend@ustream.tv,5,Sociology,Political Science,,
Ede,Greswell,egreswellqd@xing.com,13,Computer Science,,,
Abagail,Gricewood,agricewood6c@pen.io,2,Criminology,Communication Studies,,
Anni,Grigoire,agrigoire9z@huffingtonpost.com,7,Interdisciplinary Studies,,Finance,
Maxie,Grigoli,mgrigoli5i@ucoz.ru,13,Electrical Engineering,,,
Devina,Gringley,dgringleyau@imageshack.us,7,Interdisciplinary Studies,,Finance,
Erek,Grinyov,egrinyovb9@tinypic.com,13,African American Studies,,,
Bernelle,Grishmanov,bgrishmanovbr@hc360.com,8,Mathematics,,Interdisciplinary Studies,
Gabie,Grissett,ggrissett6r@ovh.net,5,Political Science,Philiosophy,,
Noam,Grovier,ngrovier7b@amazon.co.uk,13,Health & Exercise Science,,,
Justin,Guillou,jguilloupz@about.com,13,Computer Science,,,
Fayth,Guwer,fguwer5e@wordpress.com,6,Communication Studies,,Biomedical Engineering,
Beaufort,Hablot,bhablot78@timesonline.co.uk,13,Electrical Engineering,,,
Risa,Haestier,rhaestierq2@umich.edu,13,Computer Science,,,
Siegfried,Haill,shaillre@miibeian.gov.cn,13,Statistics,,,
Sydney,Hakey,shakeym0@sciencedirect.com,13,Mechanical Engineering,,,
Gottfried,Haldene,ghaldene9g@ycombinator.com,10,Women & Gender Studies,,,
Hans,Halsall,hhalsallkh@xrea.com,4,History,Finance,Criminology,
Chick,Hamm,chammqu@forbes.com,13,Computer Science,,,
Ginnifer,Hamnett,ghamnettht@yahoo.co.jp,13,Statistics,,,
Joane,Hamstead,jhamsteadnq@europa.eu,9,Physics,,Music,Mathematics
Gina,Hanaby,ghanaby4@dyndns.org,1,Art History,,Women & Gender Studies,Statistics
Doretta,Hanhard,dhanharddc@chronoengine.com,13,Health & Exercise Science,,,
Lorry,Hankard,lhankardb5@java.com,13,Statistics,,,
Bonni,Hanrahan,bhanrahanik@printfriendly.com,6,Communication Studies,,Biomedical Engineering,
Gwynne,Hanrott,ghanrottfp@amazon.co.jp,14,Computer Science,,,
Darsie,Hardcastle,dhardcastleki@hhs.gov,4,Journalism,Interactive Mulitmedia,,
Dill,Hardey,dhardeybo@nba.com,7,Interactive Mulitmedia,,English,
Lannie,Hardie,lhardie65@g.co,1,Art History,,Women & Gender Studies,Statistics
Hugo,Hardistry,hhardistryel@baidu.com,3,English,,,
Skipper,Harper,sharperbz@sbwire.com,14,Sociology,,,
Bendicty,Harses,bharses29@mapquest.com,4,Journalism,Interactive Mulitmedia,,
Karoline,Haspineall,khaspinealld3@washingtonpost.com,1,Biomedical Engineering,Art History,African American Studies,Women & Gender Studies
Dew,Hassewell,dhassewell7g@cdc.gov,8,Mathematics,,Interdisciplinary Studies,
Jordon,Hawker,jhawkerkb@over-blog.com,6,Communication Studies,,Biomedical Engineering,
Onfroi,Hawkswell,ohawkswellei@tripadvisor.com,2,Computer Engineering,Chemistry,Anthropology,
Karen,Heading,kheading9n@senate.gov,1,Biomedical Engineering,Art History,African American Studies,Women & Gender Studies
Geoffry,Heaford,gheaforde@paginegialle.it,7,Finance,,Computer Science,
Mirabella,Heaphy,mheaphy4z@biblegateway.com,9,Philiosophy,,Music,
Lavina,Hedling,lhedlinggh@deviantart.com,14,Mechanical Engineering,,,
Nari,Heigl,nheiglfq@webmd.com,2,Criminology,Communication Studies,,
Arthur,Henken,ahenkenj0@examiner.com,10,Women & Gender Studies,,,
Galven,Hildrew,ghildrew2h@accuweather.com,14,Psychology,,,
Lauryn,Hilhouse,lhilhousea9@unesco.org,14,Sociology,,,
Bartlet,Hillburn,bhillburnea@blogs.com,14,Sociology,,,
Lonna,Hillen,lhillenfm@globo.com,5,Chemistry,Women & Gender Studies,Anthropology,
Sherlock,Hindenberger,shindenbergerfa@ucoz.ru,14,Mathematics,,,
Shandeigh,Hinkes,shinkes53@china.com.cn,14,Sociology,,,
Doug,Hofton,dhofton10@domainmarket.com,1,Biology,African American Studies,,
Imogene,Holehouse,iholehousek@twitpic.com,14,Mathematics,,,
Nalani,Hollingsby,nhollingsbyl4@wisc.edu,14,Mathematics,,,
Chan,Hollingshead,chollingsheadk6@photobucket.com,10,Women & Gender Studies,,,
Tate,Honeywood,thoneywood6v@archive.org,14,Women & Gender Studies,,,
L;urette,Honsch,lhonschkr@nymag.com,14,Women & Gender Studies,,,
Pablo,Hoppner,phoppnerir@soundcloud.com,4,Journalism,Interactive Mulitmedia,,
Rochester,Horrod,rhorrod6j@topsy.com,14,Interdisciplinary Studies,,,
Bobine,Hotton,bhotton2k@weibo.com,11,Women & Gender Studies,,Sociology,
Dorthy,Hounson,dhounson92@hubpages.com,4,History,Finance,Criminology,
Tara,House,thouse9d@chron.com,14,Psychology,,,
Meridel,Hovenden,mhovendenkp@apache.org,14,Sociology,,,
Anni,Huckabe,ahuckabenv@aol.com,14,Computer Science,,,
Joelle,Huffey,jhuffeym8@dailymotion.com,5,Chemistry,Women & Gender Studies,Anthropology,
Tito,Hylden,thyldenn@tamu.edu,14,Nursing,,,
Helsa,Iacomi,hiacomir9@craigslist.org,4,Journalism,Interactive Mulitmedia,,
Jeremy,Iacovozzo,jiacovozzo5j@hubpages.com,3,English,,,
Gregoor,Ingree,gingreedn@people.com.cn,5,Political Science,Philiosophy,,
Dannie,Innwood,dinnwoodpm@netscape.com,14,Computer Science,,,
Dugald,Ion,dionc6@yandex.ru,1,Art History,,Women & Gender Studies,Statistics
Rory,Irnis,rirnislo@marriott.com,14,Psychology,,,
Martino,Isley,misley5y@cnn.com,14,Sociology,,,
Stephie,Itzcovich,sitzcovichid@friendfeed.com,14,Sociology,,,
Melody,Ivanchenkov,mivanchenkovb0@mail.ru,9,Philiosophy,,Music,
Anneliese,Ivanonko,aivanonkoak@skype.com,6,Communication Studies,,Biomedical Engineering,
Janean,Izzat,jizzatll@nymag.com,14,Mechanical Engineering,,,
Kayle,Jackett,kjackett87@hostgator.com,4,History,,Criminology,
Delilah,Jacklin,djacklin45@exblog.jp,9,Physics,,Music,Mathematics
Baldwin,Jaggard,bjaggardpl@utexas.edu,14,Computer Science,,,
Mellisent,Jagson,mjagson1h@nba.com,5,Music,Mathematics,,
Ephrem,Jakobsson,ejakobssonew@over-blog.com,9,Statistics,,Physics,
Clay,Jakubczyk,cjakubczykgd@buzzfeed.com,14,Finance,,,
Danni,Jakubovits,djakubovits6o@digg.com,14,Nursing,,,
Everard,James,ejamescv@sourceforge.net,9,Statistics,,Physics,
Peyter,Jarnell,pjarnell74@ebay.co.uk,6,Communication Studies,,Biomedical Engineering,
Davita,Jaumet,djaumet3c@oracle.com,14,Psychology,,,
Angelia,Jays,ajaysdx@examiner.com,2,Computer Engineering,Chemistry,Anthropology,
Maynord,Jenk,mjenk5b@qq.com,1,Biology,African American Studies,,
Gonzales,Jordin,gjordin2c@creativecommons.org,5,Music,Mathematics,,
Kanya,Jordin,kjordin6i@360.cn,7,Interactive Mulitmedia,,English,
Amalee,Joris,ajoriscu@cafepress.com,14,Sociology,,,
Berti,Jozefiak,bjozefiakb7@de.vu,14,Economics,,,
Kippie,Kail,kkailj3@ox.ac.uk,5,Biology,,Accounting,
Spike,Kaiser,skaisernm@theguardian.com,14,Journalism,,,
Ludovico,Kaliszewski,lkaliszewskimr@spiegel.de,4,History,,Criminology,
Allegra,Kamen,akamencq@tripadvisor.com,9,Philiosophy,,Music,
Kerrill,Kas,kkas6a@bbb.org,2,Computer Engineering,Chemistry,Anthropology,
Lock,Kealy,lkealy8e@gizmodo.com,14,Nursing,,,
Lurette,Kelledy,lkelledyo3@tuttocitta.it,14,Computer Science,,,
Kellsie,Kelling,kkelling6n@go.com,5,Music,Mathematics,,
Karney,Kelwaybamber,kkelwaybambert@livejournal.com,9,Statistics,,Physics,
Odette,Kenealy,okenealydi@salon.com,14,Mechanical Engineering,,,
Brnaba,Kenningley,bkenningleyaj@umn.edu,5,Chemistry,Women & Gender Studies,Anthropology,
Clarey,Kerans,ckerans98@studiopress.com,5,Music,Mathematics,Interdisciplinary Studies,
Stanwood,Kettow,skettow8s@sciencedaily.com,1,Biomedical Engineering,Art History,African American Studies,Women & Gender Studies
Thornie,Keune,tkeuneli@aboutads.info,4,History,,Criminology,
Flemming,Keuneke,fkeunekeeg@ca.gov,1,Chemistry,Biology,Anthropology,Women & Gender Studies
Selene,Kibblewhite,skibblewhite5k@washingtonpost.com,14,Finance,,,
Juliana,Kilbey,jkilbey5u@t.co,9,Philiosophy,,Music,
Chic,Kilbourn,ckilbourn9k@cbc.ca,1,Anthropology,,Women & Gender Studies,Sociology
Gradey,Kimbury,gkimburyl3@ning.com,14,Journalism,,,
Eloisa,Kime,ekimem7@paypal.com,10,Accounting,,Psychology,
Maurene,Kinghorne,mkinghorne18@shop-pro.jp,3,English,Economics,,
Ema,Kingsnode,ekingsnodejy@europa.eu,14,Mathematics,,,
Corny,Kingswoode,ckingswoode5q@amazonaws.com,14,Mathematics,,,
Sheri,Kissack,skissackdh@free.fr,14,Mathematics,,,
Siward,Kleingrub,skleingrub5a@ucoz.ru,11,Art History,,Women & Gender Studies,Statistics
Victor,Kloisner,vkloisneri0@jugem.jp,14,Computer Engineering,,,
Brod,Klosser,bklosser1k@linkedin.com,14,Physics,,,
Myrna,Klus,mklusip@state.tx.us,14,Finance,,,
Elvera,Kneafsey,ekneafsey1m@indiatimes.com,14,Psychology,,,
Kari,Kneel,kkneelgt@hibu.com,6,Communication Studies,,Biomedical Engineering,
Rosella,Knill,rknilloi@pinterest.com,9,Statistics,,Physics,
Tony,Knowlden,tknowldenac@dmoz.org,7,Economics,,Computer Science,
Erny,Kolodziejski,ekolodziejskipq@hexun.com,14,Computer Science,,,
Sollie,Kopec,skopecqn@indiegogo.com,6,Computer Science,,Communication Studies,
Ivett,Kopman,ikopman3b@salon.com,5,Political Science,Philiosophy,,
Mordy,Kordovani,mkordovanig6@shareasale.com,11,Biology,,,
Jolyn,L'Hommeau,jlhommeau56@hexun.com,7,Economics,,Computer Science,
Winnifred,La Grange,wlagrangekt@sourceforge.net,10,Accounting,,Psychology,
Terence,Lage,tlagehp@skyrock.com,9,Philiosophy,,Music,
Greer,Laity,glaity5n@xinhuanet.com,7,Interactive Mulitmedia,,English,
Cam,Lamacraft,clamacraftk0@squidoo.com,5,Music,Mathematics,Interdisciplinary Studies,
Monro,Lambird,mlambirdlm@senate.gov,9,Philiosophy,,Music,
Octavius,Lamplugh,olamplughge@ihg.com,4,History,,Criminology,
Debbi,Lamprecht,dlamprechtem@is.gd,14,Finance,,,
Marcela,Langworthy,mlangworthyqc@mozilla.org,6,Computer Science,,Communication Studies,
Nancy,Lapre,nlapre6f@cocolog-nifty.com,14,Finance,,,
Willi,Larman,wlarman7c@bluehost.com,4,History,,Criminology,
Donnie,Lathy,dlathyp8@zdnet.com,2,Criminology,Communication Studies,,
Elna,Lavens,elavens8j@blogspot.com,14,Sociology,,,
Sharleen,Lax,slaxez@eepurl.com,10,Accounting,,Psychology,
Ginny,Laxon,glaxon81@bluehost.com,6,Computer Science,,,
Olva,Lazonby,olazonbyhx@amazon.com,11,Biology,,,
Kingston,Le Moucheux,klemoucheux8z@bizjournals.com,3,English,Economics,,
Ram,Le Noury,rlenouryhe@jiathis.com,5,Communication Studies,,Biology,
Marcille,Lear,mleardo@edublogs.org,14,Psychology,,,
Aleda,Leguay,aleguay11@phoca.cz,1,Biomedical Engineering,Art History,African American Studies,Women & Gender Studies
Berget,Lenthall,blenthall8a@marketwatch.com,14,Journalism,,,
Travis,Leonard,tleonardjf@imgur.com,5,Music,Mathematics,Interdisciplinary Studies,
Jaquenetta,Lesek,jlesek5@who.int,11,Biology,,,
Stormie,Lettsom,slettsomjv@mit.edu,14,Finance,,,
Wilhelm,Levane,wlevaneee@boston.com,10,Accounting,,Psychology,
Worth,Lewisham,wlewishamlf@ning.com,6,Computer Science,,,
Robby,Lewson,rlewsonpb@behance.net,14,Journalism,,,
Cornie,Liddon,cliddong0@a8.net,14,Psychology,,,
Lib,Liff,lliffox@sfgate.com,9,Psychology,,Music,
Corella,Lightbourn,clightbourn2b@squidoo.com,14,Mechanical Engineering,,,
Hedda,Lilloe,hlilloek3@earthlink.net,9,Psychology,,Music,
Allister,Lilywhite,alilywhitegz@europa.eu,4,History,,Criminology,
Wildon,Lindenstrauss,wlindenstraussk9@free.fr,11,Biology,,,
Lothario,Lindstrom,llindstromgv@wikipedia.org,6,Computer Science,,,
Khalil,Linskey,klinskey2j@narod.ru,9,Statistics,,Physics,
Leland,Lippitt,llippitth5@gizmodo.com,14,Physics,,,
Tuck,Lipson,tlipson4i@eventbrite.com,1,Chemistry,,Anthropology,Women & Gender Studies
Elspeth,Livard,elivardr1@prlog.org,14,Journalism,,,
Ulysses,Livard,ulivardkz@usatoday.com,14,Criminology,,,
Diana,Livingstone,dlivingstone9t@cnn.com,14,Electrical Engineering,,,
Ola,Lob,olobmk@reference.com,9,Statistics,,Physics,
Zonnya,Lodewick,zlodewick3y@ebay.com,14,Interdisciplinary Studies,,,
Auberon,Lodwig,alodwig6m@bloomberg.com,15,Mechanical Engineering,,,
Jack,Logue,jlogue2v@clickbank.net,6,Computer Science,,,
Averil,Loomes,aloomesas@ocn.ne.jp,4,History,,English,
Garnet,Lorant,glorant1r@google.pl,5,Accounting,Women & Gender Studies,Statistics,
Sol,Lorenc,slorenc32@spotify.com,7,Interactive Mulitmedia,,English,
Chance,Lorenzin,clorenzin1z@guardian.co.uk,15,Computer Engineering,,,
Wildon,Lorimer,wlorimerbl@omniture.com,15,Finance,,,
Samara,Loveard,sloveardof@alibaba.com,15,Journalism,,,
Bernadene,Lowbridge,blowbridgeo7@disqus.com,15,Journalism,,,
Justine,Lowmass,jlowmass8p@mayoclinic.com,1,Anthropology,,Women & Gender Studies,Sociology
Xenia,Lowther,xlowtherf0@digg.com,11,Biology,,Statistics,
Estele,Lubman,elubmane3@macromedia.com,15,Journalism,,,
Marci,Lundberg,mlundbergrl@wikia.com,4,History,,English,
Ceil,Mabbe,cmabbent@statcounter.com,9,Statistics,,Physics,
Kellen,MacAirt,kmacairt8l@usa.gov,11,Women & Gender Studies,,Sociology,
Juline,MacAlees,jmacalees8u@craigslist.org,5,Communication Studies,,Biology,Accounting
Ottilie,MacAllester,omacallestero2@uol.com.br,9,Statistics,,Physics,
Artur,MacAndreis,amacandreisqq@dell.com,15,Computer Science,,,
Duff,MacAvaddy,dmacavaddyb3@intel.com,9,Psychology,,Music,
Lanita,MacCahey,lmaccahey1t@1und1.de,1,Anthropology,,Women & Gender Studies,Sociology
Marlo,MacCorley,mmaccorley4g@virginia.edu,11,Biology,,Statistics,
Wells,MacFayden,wmacfayden4p@google.it,15,Finance,,,
Alysa,MacGahey,amacgaheya6@cdbaby.com,15,Physics,,,
Herold,MacGorman,hmacgormank5@networksolutions.com,9,Statistics,,,
Vickie,MacGregor,vmacgregor9a@soup.io,9,Philiosophy,,Music,
Hall,MacIver,hmaciverou@wufoo.com,4,History,,English,
Javier,Mackley,jmackleyh9@patch.com,11,Women & Gender Studies,,Sociology,
Bonita,MacRanald,bmacranald2g@sina.com.cn,5,Political Science,Philiosophy,,
Alford,Macro,amacron8@un.org,15,Mathematics,,,
Amelia,MacTrustrie,amactrustriee9@harvard.edu,9,Psychology,,Music,
Leanora,Maddaford,lmaddafordef@infoseek.co.jp,11,Biology,,Statistics,
Rani,Madeley,rmadeleya2@unblog.fr,15,Mechanical Engineering,,,
Allegra,Mainland,amainland9u@google.pl,3,English,Economics,,
Luise,Maior,lmaiorcr@forbes.com,15,Physics,,,
Martita,Malloy,mmalloyhu@webeden.co.uk,11,Women & Gender Studies,,Sociology,
Ellen,Marchiso,emarchisoi5@friendfeed.com,4,History,,Finance,
Beryle,Marcussen,bmarcussenr7@shareasale.com,15,Journalism,,,
Trenton,Margerrison,tmargerrison2w@nature.com,15,Criminology,,,
Tobye,Mariot,tmariothr@bigcartel.com,9,Psychology,,Music,
Sanson,Marrington,smarringtonad@whitehouse.gov,5,Accounting,Women & Gender Studies,Statistics,
Pail,Marusik,pmarusikab@mashable.com,15,Women & Gender Studies,,,
Murry,Massinger,mmassingerh3@prlog.org,5,Music,Mathematics,Interdisciplinary Studies,
Carmon,Masurel,cmasurelcj@ocn.ne.jp,7,Interactive Mulitmedia,,English,
Jasen,Mates,jmatesbp@cnn.com,15,Interdisciplinary Studies,,,
Tarrah,Mathelon,tmathelonmi@hatena.ne.jp,9,Psychology,,Music,
Harmon,Matiasek,hmatiasek8r@dropbox.com,11,Biology,,Women & Gender Studies,
Maribeth,Matkovic,mmatkovic41@hatena.ne.jp,15,Mechanical Engineering,,,
Kellie,Matteau,kmatteaucc@creativecommons.org,15,Computer Science,,,
Fonz,Mattussevich,fmattussevichfk@paginegialle.it,15,Accounting,,,
Cad,Matz,cmatzja@indiegogo.com,15,Finance,,,
Zulema,Matzaitis,zmatzaitisnl@nps.gov,4,History,,Finance,
Haskell,Maylam,hmaylamao@dot.gov,15,Electrical Engineering,,,
Tami,Mayze,tmayze5z@state.tx.us,9,Statistics,,,
Darrick,McAlees,dmcalees7o@amazonaws.com,15,Sociology,,,
Inger,McColm,imccolm16@hhs.gov,15,Criminology,,,
Somerset,McCumesky,smccumeskyih@wikia.com,15,Accounting,,,
Padraig,McFarland,pmcfarlandh1@chicagotribune.com,15,Mathematics,,,
Gabbie,McGuire,gmcguire8g@stumbleupon.com,15,Physics,,,
Tersina,McGurn,tmcgurn5g@huffingtonpost.com,15,Computer Science,,,
Brigitte,McKeady,bmckeadyam@sakura.ne.jp,6,Computer Science,,Chemistry,
Neely,McKillop,nmckillop9w@dailymotion.com,15,Health & Exercise Science,,,
Gianina,McKitterick,gmckitterick3i@twitpic.com,15,African American Studies,,,
Nerita,McLauchlin,nmclauchlin4n@cbc.ca,15,Electrical Engineering,,,
Fionna,McMahon,fmcmahon9r@baidu.com,6,Computer Science,,Chemistry,
Walther,McRobbie,wmcrobbiefz@accuweather.com,15,Physics,,,
Chandal,McVey,cmcveyrp@wisc.edu,4,History,,Finance,
Stefano,Mealiffe,smealiffe3n@craigslist.org,1,Chemistry,,Accounting,
Egbert,Meaney,emeaneye4@imdb.com,15,Mathematics,,,
Hermione,Meates,hmeateslk@deviantart.com,15,Mathematics,,,
Monah,Medland,mmedland1x@soundcloud.com,1,Chemistry,,Accounting,
Dione,Medlicott,dmedlicottg5@sciencedaily.com,15,Accounting,,,
Tomasine,Megarrell,tmegarrell1@vistaprint.com,15,Accounting,,,
Clive,Meineking,cmeinekingbx@posterous.com,15,Political Science,,,
Gerome,Menendes,gmenendes48@blogtalkradio.com,15,Sociology,,,
Judas,Meron,jmeronc7@baidu.com,1,Biology,Anthropology,,
Pamella,Merrett,pmerrett4f@npr.org,11,Art History,,Women & Gender Studies,
Fidole,Merrydew,fmerrydewmz@ning.com,9,Statistics,,,
Donnie,Micklewicz,dmicklewiczf1@godaddy.com,1,Chemistry,Biology,,
Alan,Mico,amicoci@hp.com,4,History,,Finance,
Urbain,Miell,umiellcy@jalbum.net,5,Accounting,Psychology,Statistics,
Charisse,Mikalski,cmikalskig2@ask.com,9,Statistics,,Philiosophy,
Wolfie,Milbourne,wmilbournedp@google.com,15,Sociology,,,
Lacie,Milton,lmilton1c@jimdo.com,7,Interactive Mulitmedia,,English,
Neila,Mishow,nmishowma@flavors.me,15,Criminology,,,
Mikkel,Miskin,mmiskinq8@cornell.edu,6,Computer Science,,Chemistry,
Willie,Mitcheson,wmitcheson22@angelfire.com,15,Electrical Engineering,,,
Lemar,Mitie,lmitienj@google.fr,15,Criminology,,,
Alikee,Mochar,amochar3j@unesco.org,1,Anthropology,,Women & Gender Studies,Sociology
Quincy,Monger,qmongerc0@imgur.com,9,Statistics,,Philiosophy,
Jarrad,Mooney,jmooneyl1@twitter.com,15,Finance,,,
Torie,Morrill,tmorrill1a@livejournal.com,15,Health & Exercise Science,,,
Kerry,Morrissey,kmorrisseyat@hubpages.com,7,Interactive Mulitmedia,,English,
Rowland,Mosey,rmoseypy@newsvine.com,6,Computer Science,,Chemistry,
Natty,Mottershead,nmottershead20@macromedia.com,6,Computer Science,,,
Ludovico,Mouth,lmouth39@lulu.com,9,Philiosophy,,Music,
Tuesday,Mower,tmower80@1688.com,15,Computer Engineering,,,
Timotheus,Moynham,tmoynham38@cam.ac.uk,15,Nursing,,,
Raffarty,Muccino,rmuccino6u@dion.ne.jp,9,Statistics,,Philiosophy,
Rachelle,Mulhill,rmulhillc3@ask.com,5,Accounting,Psychology,Statistics,
Roselin,Mulholland,rmulhollandju@cbslocal.com,4,English,Economics,,
Shaylynn,Murden,smurden4r@joomla.org,4,History,,Finance,
Elwyn,Murrock,emurrockb@cpanel.net,15,Criminology,,,
Andrei,Nalder,analderij@wiley.com,15,Chemistry,,,
Adlai,Navein,anavein3x@aol.com,7,Interactive Mulitmedia,,,
Grata,Nazareth,gnazarethkq@bizjournals.com,10,Statistics,,Psychology,
Norby,Neaverson,nneaversonk8@photobucket.com,5,Accounting,Psychology,Statistics,
Vergil,Nelle,vnellees@reuters.com,9,Philiosophy,,Music,
Marjory,Nesbit,mnesbitps@spiegel.de,6,Computer Science,,,
Henrik,Nevison,hnevisonny@joomla.org,4,History,Finance,,
Lefty,Nezey,lnezeyf8@intel.com,4,History,Finance,,
Demeter,Nibley,dnibley9y@jigsy.com,7,Interactive Mulitmedia,,,
Addy,Niccolls,aniccollsi9@imgur.com,9,Music,,Mathematics,
Sherye,Niche,sniche58@photobucket.com,15,African American Studies,,,
Aubree,Noirel,anoirelfd@nba.com,9,Philiosophy,,Music,
Ogden,Nolton,onoltonet@theglobeandmail.com,15,Physics,,,
Aindrea,Norbury,anorburyq0@ifeng.com,6,Computer Science,,,
Casie,Normington,cnormingtonoz@weebly.com,6,Computer Science,,,
Bondy,Noteyoung,bnoteyoungms@china.com.cn,15,Journalism,,,
Cassaundra,Novkovic,cnovkovicv@clickbank.net,7,Economics,,Computer Science,
Marrilee,Nutley,mnutleyn1@edublogs.org,5,Accounting,Psychology,Statistics,
Pamela,O'Kuddyhy,pokuddyhyqa@amazon.co.uk,6,Computer Science,,,
Susanne,O'Lagen,solagenpx@soundcloud.com,6,Computer Science,,,
Heriberto,Oakley,hoakley6t@instagram.com,15,Sociology,,,
Burnaby,Ockland,bocklandrd@uiuc.edu,10,Statistics,,Psychology,
Tildie,Odegaard,todegaardk7@gmpg.org,7,Economics,,Computer Science,
Morena,Offord,moffordrn@techcrunch.com,4,History,Finance,,
Patric,Okroy,pokroyri@symantec.com,10,Statistics,,Psychology,
Rosette,Old,roldkm@booking.com,9,Philiosophy,,Music,
Karmen,Olifard,kolifardo8@xrea.com,1,Mathematics,,,
Elisabet,Ollerearnshaw,eollerearnshaw83@nyu.edu,1,Electrical Engineering,,,
Justine,Oloman,jolomanfb@desdev.cn,1,Mechanical Engineering,,,
Asher,Olyfant,aolyfantcf@google.pl,4,English,Economics,,
Eamon,Ondrich,eondrichhk@amazon.co.jp,4,History,Finance,,
Lisle,Ormonde,lormonde3e@ebay.com,10,Statistics,,,
Ervin,Orpyne,eorpyneow@51.la,1,Mathematics,,,
Cayla,Ortzen,cortzen6g@4shared.com,1,Health & Exercise Science,,,
Scotty,Packham,spackham2@flickr.com,1,African American Studies,,,
Ewell,Packman,epackmanp3@typepad.com,1,Journalism,,,
Etheline,Parlott,eparlottga@list-manage.com,6,Computer Science,,,
Kipper,Paszak,kpaszakiz@storify.com,10,Statistics,,,
Stanfield,Paul,spaulbb@storify.com,11,Art History,,Women & Gender Studies,
Baron,Paulton,bpaultonca@google.de,5,Communication Studies,,Biology,Accounting
Pearline,Pavelin,ppavelin7@yandex.ru,1,Chemistry,,,
Stacee,Paxman,spaxman4o@ft.com,3,English,,Computer Science,
Issy,Payfoot,ipayfootc5@mediafire.com,1,Anthropology,,Women & Gender Studies,Sociology
Kelbee,Paynton,kpaynton52@bing.com,9,Psychology,,Music,
Gabriele,Peacham,gpeachamgm@geocities.jp,5,Sociology,Psychology,,
Gerianne,Peatheyjohns,gpeatheyjohnsba@liveinternet.ru,11,Anthropology,,Sociology,
Frants,Peaurt,fpeaurtbn@liveinternet.ru,4,History,Finance,,
Corilla,Peel,cpeel6b@businessweek.com,6,Computer Science,,,
Raviv,Pegrum,rpegrum46@auda.org.au,1,Political Science,,,
Vachel,Pehrsson,vpehrssonby@elegantthemes.com,10,Psychology,,Political Science,
Eula,Pellatt,epellatthy@cbc.ca,1,Chemistry,,,
Jorie,Penburton,jpenburtonaf@uiuc.edu,11,Anthropology,,Sociology,
Toma,Pendlebery,tpendleberyhv@dailymail.co.uk,7,Economics,,Computer Science,
Nestor,Pennicard,npennicard5d@state.tx.us,1,Chemistry,,,
Ram,Perott,rperottai@theguardian.com,1,Biomedical Engineering,,,
Stanislas,Pettendrich,spettendrichgo@hatena.ne.jp,1,Women & Gender Studies,,,
Randi,Pettie,rpettiep@npr.org,1,Physics,,,
Cherri,Pflieger,cpflieger62@unc.edu,5,Accounting,Psychology,Statistics,
Marion,Phalip,mphalip5o@imdb.com,1,Interdisciplinary Studies,,,
Skipton,Phillis,sphilliskc@sciencedaily.com,1,Computer Engineering,,,
Orren,Pickup,opickup8n@alexa.com,5,Accounting,Psychology,Statistics,
Audie,Pickvance,apickvance79@kickstarter.com,3,English,,Computer Science,
Jordon,Pierrepont,jpierrepontqh@usnews.com,6,Computer Science,,,
Delainey,Pietrzak,dpietrzakf3@omniture.com,1,Computer Engineering,,,
Masha,Pigot,mpigotp5@jigsy.com,10,Psychology,,Political Science,
Harriot,Pillifant,hpillifantfr@senate.gov,3,English,,Computer Science,
Kenny,Pinck,kpinckdz@weibo.com,1,Criminology,,,
Lennard,Pinel,lpineli8@ebay.com,1,Mechanical Engineering,,,
Danette,Pirrey,dpirreyk4@people.com.cn,5,Sociology,Psychology,,
Gearalt,Pischof,gpischofnr@geocities.com,10,Psychology,,Political Science,
Wakefield,Pleager,wpleager4u@gravatar.com,1,Journalism,,,
Tasia,Plunkett,tplunkett3m@behance.net,1,Biomedical Engineering,,,
Gracia,Poge,gpoge9o@yale.edu,1,Chemistry,,,
Salmon,Pointon,spointon3u@imgur.com,1,Finance,,,
Chet,Pomery,cpomery3@squarespace.com,11,Anthropology,,Sociology,
Iver,Popescu,ipopescuhg@cyberchimps.com,6,Computer Science,,,
Tabbie,Poulgreen,tpoulgreenib@shareasale.com,1,Physics,,,
Jania,Pound,jpoundgi@delicious.com,9,Music,,Mathematics,
Betsey,Prawle,bprawlebj@symantec.com,1,Electrical Engineering,,,
Meagan,Preddle,mpreddlej8@umich.edu,2,Criminology,,,
Damiano,Presho,dpresho5r@bbc.co.uk,2,Mechanical Engineering,,,
Billie,Presswell,bpresswellhs@nasa.gov,5,Sociology,Psychology,,
Darice,Pyburn,dpyburn2p@techcrunch.com,11,Art History,,Women & Gender Studies,
Claus,Quenell,cquenell7k@cyberchimps.com,9,Philiosophy,,Music,
Erv,Queste,equesteb2@nbcnews.com,2,Political Science,,,
Sheppard,Quirke,squirkepg@boston.com,6,Computer Science,,,
Jerome,Radclyffe,jradclyffebg@desdev.cn,2,Computer Engineering,,,
Quinta,Ragles,qraglesar@usgs.gov,2,Health & Exercise Science,,,
Atalanta,Ramsey,aramseydf@phpbb.com,2,Interdisciplinary Studies,,,
Loren,Rankin,lrankindd@parallels.com,2,History,,,
Kean,Ratchford,kratchfordpc@fda.gov,2,Mathematics,,,
Renelle,Ratt,rratt1f@hao123.com,2,Mathematics,,,
Martino,Rean,mreanq1@delicious.com,6,Computer Science,,,
Shepard,Reeme,sreeme35@sciencedirect.com,2,Mathematics,,,
Kipp,Reinhard,kreinhardag@soup.io,11,Art History,,Women & Gender Studies,
Emmey,Reisen,ereisenah@jalbum.net,1,Biology,Anthropology,,
Duff,Rennock,drennock3t@themeforest.net,3,English,,Computer Science,
Eduard,Renyard,erenyardg8@msu.edu,5,Communication Studies,,Biology,Accounting
Gorden,Renzullo,grenzullo4h@fastcompany.com,2,Biomedical Engineering,,,
Catherina,Reuss,creuss4b@topsy.com,7,Economics,,Computer Science,
Yardley,Revely,yrevelyns@ibm.com,5,Sociology,Psychology,,
Hugo,Reymers,hreymerseb@goo.gl,10,Statistics,,,
Emma,Ridout,eridoutm2@vk.com,2,Physics,,,
Bartholomeo,Rief,briefq5@marriott.com,6,Computer Science,,,
Joeann,Riggoll,jriggolll@ustream.tv,2,Mechanical Engineering,,,
Crawford,Riggs,criggsjb@networkadvertising.org,2,History,,,
Deedee,Rikard,drikard91@multiply.com,2,Health & Exercise Science,,,
Leonie,Riping,lripinghz@quantcast.com,5,Communication Studies,,Biology,Accounting
Bryana,Rizzi,brizzie7@nymag.com,9,Philiosophy,,Music,
Saxon,Robillart,srobillartpj@comcast.net,6,Computer Science,,,
Brendan,Roddan,broddan6e@domainmarket.com,3,English,,Computer Science,
Sigismondo,Roddan,sroddank1@pen.io,9,Philiosophy,,Music,
Sabra,Roder,sroderbh@parallels.com,6,Computer Science,,,
Jorge,Rodgier,jrodgier42@yolasite.com,9,Music,,Mathematics,
Brittni,Rodie,brodie19@phpbb.com,2,Finance,,,
Birdie,Rois,brois1y@arizona.edu,5,Communication Studies,,Biology,Accounting
Tarra,Rosas,trosas96@ebay.co.uk,2,Mathematics,,,
Dacy,Roselli,droselli8m@seattletimes.com,7,Economics,,Computer Science,
Westbrooke,Roseman,wrosemanon@homestead.com,5,Journalism,Interdisciplinary Studies,,
Norene,Rosenbaum,nrosenbaummp@un.org,2,Criminology,,,
Melania,Rosone,mrosonek2@mayoclinic.com,2,Physics,,,
Mikey,Rowley,mrowleyov@hexun.com,5,Journalism,Interdisciplinary Studies,,
Rhiamon,Rozea,rrozea8o@amazonaws.com,5,African American Studies,Women & Gender Studies,Statistics,
Mead,Rumbelow,mrumbelowmj@instagram.com,5,Sociology,Psychology,Philiosophy,
Natty,Rycroft,nrycroftlz@mlb.com,2,Mathematics,,,
Lizzie,Ryhorovich,lryhorovichmh@vistaprint.com,2,Physics,,,
Ricardo,Sabine,rsabine72@fotki.com,2,Biomedical Engineering,,,
Lynett,Sackett,lsackettmn@cnbc.com,2,Chemistry,,,
Abba,Saffer,asaffer7u@behance.net,11,Anthropology,,Sociology,
Che,Sale,csaleqb@ezinearticles.com,6,Computer Science,,,
Jamil,Salisbury,jsalisburygb@pinterest.com,2,Criminology,,,
Brinn,Salmon,bsalmonrk@deviantart.com,2,History,,,
Bren,Samarth,bsamarthgf@prlog.org,5,Journalism,Interdisciplinary Studies,,
Hilliard,Sarah,hsarahd7@youtube.com,6,Computer Science,,Chemistry,
Aubrey,Sarten,asarten34@tmall.com,5,Journalism,Interdisciplinary Studies,,
Cassie,Savage,csavage5s@moonfruit.com,2,Music,,,
Alphard,Scarlett,ascarlettex@bbb.org,2,Women & Gender Studies,,,
Fairlie,Schistl,fschistlfl@1688.com,1,Biology,Anthropology,,
Katusha,Scotland,kscotlandoe@apache.org,2,History,,,
Justino,Seamer,jseamerd0@home.pl,1,Anthropology,,Women & Gender Studies,
Lion,Seers,lseers5x@ibm.com,10,Psychology,,Political Science,
Hartwell,Seldon,hseldon13@shareasale.com,5,Communication Studies,,Biology,
Ronni,Sellars,rsellarsfh@ca.gov,2,Statistics,,,
Alon,Setterfield,asetterfieldo5@elpais.com,3,Finance,,,
Bryon,Seven,bsevengp@google.co.jp,7,Economics,,Computer Science,
Lucais,Shackle,lshackle17@reference.com,3,Electrical Engineering,,,
Zilvia,Shambrook,zshambrook66@so-net.ne.jp,1,Biology,Anthropology,,
Lesley,Shaudfurth,lshaudfurth7m@va.gov,3,Political Science,,,
Martynne,Sheals,msheals1v@technorati.com,1,Biology,Anthropology,,
Dick,Shearmur,dshearmurlj@flavors.me,5,Journalism,Interdisciplinary Studies,,
Hurley,Sherebrook,hsherebrook89@yandex.ru,3,Interdisciplinary Studies,,,
Heloise,Sherme,hshermepv@apple.com,6,Computer Science,,Chemistry,
Isidoro,Sherrum,isherrumgj@shop-pro.jp,9,Philiosophy,,Music,
Jayson,Shieldon,jshieldon23@apple.com,3,English,,Computer Science,
Sephira,Shilstone,sshilstonean@diigo.com,3,Criminology,,,
Whitney,Shine,wshineg7@statcounter.com,3,Chemistry,,,
Teddy,Shipston,tshipstonl6@gnu.org,3,Music,,,
Eleanor,Shirrell,eshirrellle@fda.gov,2,Chemistry,Biology,Art History,
Casper,Shirtcliffe,cshirtcliffe8w@reddit.com,6,Computer Science,,Chemistry,
Wynne,Shwalbe,wshwalbee2@pen.io,3,History,,,
Allyn,Silberschatz,asilberschatz8v@exblog.jp,3,Computer Engineering,,,
Misha,Silcocks,msilcocks4w@csmonitor.com,3,Mechanical Engineering,,,
Nikolaus,Silkston,nsilkstonly@pinterest.com,5,Journalism,Interdisciplinary Studies,,
Goldarina,Sill,gsill7r@hhs.gov,3,Economics,Criminology,Computer Science,
Berny,Sillick,bsillickko@aboutads.info,10,Psychology,,Political Science,
Zoe,Simeons,zsimeonsj@1und1.de,5,Journalism,Interdisciplinary Studies,,
Maiga,Simmers,msimmersl9@aboutads.info,10,Psychology,,Political Science,
Emlyn,Sirett,esirett9h@bloomberg.com,7,Economics,,Computer Science,
Ardys,Sirmon,asirmoneo@shareasale.com,5,Journalism,Interdisciplinary Studies,,
Chrystal,Skakunas,cskakunas73@blogtalkradio.com,2,Chemistry,Biology,Art History,
Barde,Skeene,bskeeneqe@csmonitor.com,6,Computer Science,,Chemistry,
Cami,Skin,cskinn2@amazonaws.com,3,Chemistry,,,
Cherie,Skirvane,cskirvane27@devhub.com,7,Interactive Mulitmedia,,,
Avis,Skokoe,askokoeku@deliciousdays.com,5,Biology,,Accounting,
Silva,Skryne,sskryneii@quantcast.com,5,Biology,,Accounting,
Derwin,Slaney,dslaneyog@salon.com,8,Mathematics,,,
Tann,Sleet,tsleet7w@wikipedia.org,5,Biology,,Accounting,
Dore,Sleith,dsleith30@123-reg.co.uk,3,Health & Exercise Science,,,
Pepe,Smallbone,psmallbone8d@unc.edu,3,Music,,,
Fairleigh,Smithen,fsmithenp9@ycombinator.com,3,Finance,,,
Shelby,Snugg,ssnuggfg@tiny.cc,9,Sociology,,Philiosophy,
Berne,Sorby,bsorby9@wisc.edu,2,Computer Engineering,Chemistry,,
Valry,Soughton,vsoughton6x@naver.com,5,Accounting,Psychology,Statistics,
Camala,Spacie,cspacie1n@statcounter.com,10,Sociology,,Political Science,Philiosophy
Forrester,Spanton,fspantono@com.com,9,Philiosophy,,Music,
Arman,Spon,asponla@washington.edu,10,Sociology,,Political Science,Philiosophy
Saunderson,Spray,sspray6y@theglobeandmail.com,5,African American Studies,Women & Gender Studies,,
Blinnie,Spur,bspurqk@ebay.co.uk,6,Computer Science,,Chemistry,
Roarke,St Ledger,rstledgerqy@mediafire.com,5,Journalism,Interdisciplinary Studies,,
Ximenes,St. Aubyn,xstaubyne0@hatena.ne.jp,3,English,,Computer Science,
Mikol,Stanyland,mstanyland71@nih.gov,5,Biology,,Accounting,
Temple,Stayte,tstayte9b@woothemes.com,3,Physics,,,
Lissy,Stedson,lstedsonjs@hao123.com,6,Computer Science,,Chemistry,
Clementius,Stemp,cstempfc@imgur.com,3,Music,,,
Therese,Stephenson,tstephensonpu@creativecommons.org,6,Computer Science,,Communication Studies,
Hilton,Stieger,hstiegerjw@google.it,3,History,,,
Rosalind,Stiell,rstiell31@vistaprint.com,3,History,,,
Catlee,Stile,cstileqt@alibaba.com,6,Computer Science,,Communication Studies,
Shelly,Stodit,sstodited@dion.ne.jp,7,Economics,,,
Salomi,Stokell,sstokell0@addthis.com,7,Economics,,,
Aprilette,Storcke,astorcke28@google.de,3,Interdisciplinary Studies,,,
Maurita,Storres,mstorresmc@parallels.com,3,History,,,
Kattie,Stretton,kstrettonlg@psu.edu,3,Criminology,,,
Rebbecca,Stryde,rstrydede@businesswire.com,7,Interactive Mulitmedia,,,
Agata,Sturm,asturmr2@nyu.edu,3,Journalism,,,
Conney,Sulter,csulternc@umn.edu,10,Psychology,,Political Science,
Branden,Summersett,bsummersett1l@craigslist.org,9,Political Science,,Philiosophy,
Charlton,Sumner,csumner9f@stanford.edu,3,Statistics,,,
Hephzibah,Swayland,hswayland2u@xrea.com,2,Computer Engineering,Chemistry,,
Ilene,Swin,iswin4c@google.com,5,Accounting,Psychology,Statistics,
Sly,Swinford,sswinford7p@dailymail.co.uk,3,Statistics,,,
Chiarra,Swyer-Sexey,cswyersexeypt@tmall.com,6,Computer Science,,Communication Studies,
Franciska,Sycamore,fsycamore7z@netvibes.com,5,Communication Studies,,Biology,
Collie,Symons,csymonscd@redcross.org,3,Criminology,,Computer Science,
Dianna,Syms,dsyms2e@dot.gov,9,Philiosophy,,Music,
Mora,Synder,msynderdm@irs.gov,3,Physics,,,
Corrie,Taffrey,ctaffrey4k@webeden.co.uk,2,Computer Engineering,Chemistry,,
Grayce,Talbot,gtalbotqx@patch.com,7,Journalism,,Health & Exercise Science,
Welby,Tampion,wtampiony@smugmug.com,1,Anthropology,,Women & Gender Studies,
Dov,Tandy,dtandylu@indiatimes.com,3,Computer Science,,,
Carolin,Tankus,ctankusiu@infoseek.co.jp,8,Music,,,
Stormy,Tebald,stebaldbk@naver.com,3,English,,Computer Science,
Chick,Tellwright,ctellwright1b@hibu.com,3,History,,,
Olive,Teresa,oteresa93@dropbox.com,7,Interactive Mulitmedia,,,
Tabbi,Terzi,tterzij1@sina.com.cn,7,Economics,,,
Allsun,Thacke,athackefe@canalblog.com,3,Physics,,,
Roxana,Thayre,rthayre97@archive.org,3,Mechanical Engineering,,,
Titos,Thecham,tthecham5w@zimbio.com,9,Political Science,,Philiosophy,
Colas,Theis,ctheisal@eventbrite.com,2,Computer Engineering,Communication Studies,,
Virgie,Thirwell,vthirwell85@theglobeandmail.com,3,Finance,,,
Letizia,Thornber,lthornber4q@yahoo.com,3,Health & Exercise Science,,,
Dela,Thying,dthyingh0@liveinternet.ru,7,Journalism,,Health & Exercise Science,
Cornelia,Tindle,ctindled1@google.com.br,11,Art History,,Women & Gender Studies,
Hyacinthe,Tinto,htinto3f@cbslocal.com,3,Women & Gender Studies,,,
Manon,Tippell,mtippelldl@hexun.com,9,Philiosophy,,Music,
Ethe,Todarello,etodarelloe8@intel.com,4,Physics,,,
Morissa,Tokley,mtokley8q@globo.com,1,Art History,,Women & Gender Studies,
Alvera,Tolcharde,atolchardem9@live.com,4,Computer Science,,,
Delmer,Tolussi,dtolussi77@digg.com,3,Criminology,,Computer Science,
Cherilynn,Torbard,ctorbardds@e-recht24.de,7,Economics,,,
Samuele,Torrecilla,storrecilla88@slashdot.org,7,Interactive Mulitmedia,,,
Kasper,Tour,ktourp6@usnews.com,4,Statistics,,,
Drew,Towhey,dtowhey2f@mysql.com,4,Physics,,,
Arlen,Traice,atraice9j@webnode.com,5,African American Studies,Women & Gender Studies,,
Powell,Tratton,ptratton3s@techcrunch.com,4,Electrical Engineering,,,
Anthia,Traviss,atravisser@liveinternet.ru,8,Music,,,
Karlen,Tredget,ktredgetcs@ebay.co.uk,9,Political Science,,Philiosophy,
Deloria,Tremain,dtremain82@ibm.com,3,Criminology,,Computer Science,
Estella,Tremblet,etrembletg3@so-net.ne.jp,4,Women & Gender Studies,,,
Betti,Trengrouse,btrengrouseqw@wordpress.org,7,Journalism,,Health & Exercise Science,
Ulises,Tresise,utresiserm@exblog.jp,4,History,,,
Jude,Triggs,jtriggsdq@slashdot.org,4,Statistics,,,
Angeli,Trorey,atroreygu@intel.com,2,Computer Engineering,Communication Studies,,
Shurwood,Trownson,strownson1o@mac.com,4,Statistics,,,
Reuben,Trubshawe,rtrubshaweg@multiply.com,5,History,,,
Karia,Trudgeon,ktrudgeonmw@yelp.com,6,Physics,,,
Byran,Trustey,btrustey3r@usgs.gov,3,Criminology,,Computer Science,
Garner,Trustrie,gtrustrie2m@cisco.com,5,Accounting,Psychology,Statistics,
Basil,Trusty,btrustyio@google.ca,3,English,,Computer Science,
Branden,Tschirasche,btschiraschedy@bandcamp.com,7,Computer Science,,,
Fraser,Tubritt,ftubrittav@mac.com,8,Journalism,,,
Nicholas,Tuison,ntuisonhm@google.com.br,8,Mathematics,,,
Taddeo,Tumayan,ttumayanhd@aol.com,8,Chemistry,,,
Jerrilee,Tummond,jtummondgx@telegraph.co.uk,3,English,,Computer Science,
Lisette,Tussaine,ltussainejg@macromedia.com,9,Philiosophy,,,
Shirlee,Ullett,sullett37@delicious.com,8,Music,,,
Emilee,Ungerecht,eungerechtq3@latimes.com,9,Computer Science,,,
Tabbatha,Unwins,tunwinsji@sina.com.cn,10,Psychology,,Political Science,
Hermione,Upcott,hupcottcg@dailymotion.com,10,Finance,,,
Chad,Utridge,cutridge6z@tinyurl.com,1,Anthropology,,Women & Gender Studies,
Bart,Vallentin,bvallentincn@nasa.gov,11,Mechanical Engineering,,,
Carissa,Vardey,cvardeyj4@google.co.uk,12,Chemistry,,,
Consuelo,Vardy,cvardyi7@squidoo.com,8,Mathematics,,Journalism,
Vinni,Vasechkin,vvasechkin7n@moonfruit.com,13,Psychology,,,
Kittie,Vawton,kvawtoneh@vinaora.com,5,Communication Studies,,Biology,
Berrie,Vennings,bvenningslp@123-reg.co.uk,10,Sociology,,Political Science,Philiosophy
Margeaux,Ventum,mventumiy@liveinternet.ru,14,Sociology,,,
Lynnea,Vercruysse,lvercruysseia@stumbleupon.com,9,Philiosophy,,,
Willem,Verny,wverny12@vinaora.com,15,Chemistry,,,
Ermentrude,Vinck,evinckng@hostgator.com,5,Accounting,Psychology,Statistics,
Eartha,Vint,evintod@earthlink.net,5,Finance,,,
Sunny,Vonderdell,svonderdellkf@youtube.com,3,English,,Computer Science,
Shayla,Vorley,svorley49@myspace.com,6,Statistics,,,
Blinny,Wadlow,bwadlowmb@flavors.me,7,Finance,,,
Murry,Walcot,mwalcotcb@whitehouse.gov,2,Computer Engineering,Communication Studies,,
Ossie,Walisiak,owalisiakm5@yahoo.co.jp,8,Statistics,,,
Keane,Walley,kwalleypa@utexas.edu,9,History,,,
Romola,Wandrey,rwandrey6@wikia.com,10,Biomedical Engineering,,,
Michaela,Wandtke,mwandtkeft@amazon.co.jp,4,History,Health & Exercise Science,,
Flin,Wantling,fwantlingjr@blogspot.com,2,Computer Engineering,Communication Studies,,
Madge,Wapple,mwapplec4@alexa.com,5,African American Studies,Women & Gender Studies,,
Schuyler,Wardlaw,swardlawjq@tiny.cc,5,Communication Studies,,Biology,
Town,Watson-Brown,twatsonbrownp4@webnode.com,8,Mathematics,,Journalism,
Mack,Weatherill,mweatherillax@telegraph.co.uk,11,Mechanical Engineering,,,
Anabella,Wedgbrow,awedgbrowm1@cornell.edu,9,Philiosophy,,,
Shem,Wegenen,swegenen75@weibo.com,2,Computer Engineering,Communication Studies,,
Zsa zsa,Wentworth,zwentworth7i@homestead.com,8,Music,,Journalism,
Karleen,Westgarth,kwestgarthgs@eepurl.com,12,Chemistry,,,
Frasco,Wheal,fwhealhq@reddit.com,13,Physics,,,
Shandy,Whetnell,swhetnelljm@irs.gov,7,Economics,,,
Eddy,Whipp,ewhippfs@ucoz.com,14,Finance,,,
Ian,Whitewood,iwhitewoodek@uiuc.edu,3,Criminology,,Computer Science,
Drud,Whitwam,dwhitwamqs@sbwire.com,15,Computer Science,,,
Sheelagh,Wickersley,swickersleys@cdbaby.com,5,Sociology,,,
Rania,Wilbraham,rwilbrahamr8@cornell.edu,8,Journalism,,,
Ogdon,Wilbud,owilbud9p@spotify.com,5,Communication Studies,,Biology,
Davina,Wilfling,dwilflingcl@spiegel.de,8,Journalism,,Health & Exercise Science,
Osbert,Willerstone,owillerstonelx@prlog.org,4,History,Health & Exercise Science,,
Waylan,Williamson,wwilliamsonpn@taobao.com,6,Computer Science,,,
Marv,Wimmers,mwimmersql@posterous.com,7,Computer Science,,,
Glennis,Winckles,gwincklesd@digg.com,4,English,Economics,,
Ulises,Winston,uwinstonc@simplemachines.org,8,Electrical Engineering,,,
Ware,Winthrop,wwinthrop4v@geocities.com,8,Mathematics,,Journalism,
Daloris,Wisdish,dwisdishg9@angelfire.com,3,Computer Engineering,Communication Studies,,
Louise,Wisdish,lwisdishpd@cbslocal.com,9,Psychology,,,
Darcy,Wishart,dwishartho@trellian.com,8,Music,,Journalism,
Selene,Witard,switardj5@people.com.cn,5,Communication Studies,,Biology,
Peggi,Wolfer,pwolferfx@rakuten.co.jp,8,Music,,Journalism,
Neville,Wollacott,nwollacott4e@chronoengine.com,11,Anthropology,,Statistics,
Tomi,Woodroff,twoodrofflq@upenn.edu,10,Statistics,,,
Carly,Woolhouse,cwoolhouse2i@techcrunch.com,11,Sociology,,,
Kayne,Wooton,kwootonos@ask.com,3,Criminology,,Computer Science,
Addy,Worsall,aworsallhw@themeforest.net,5,Accounting,Psychology,Statistics,
Woodie,Yabsley,wyabsley8y@state.gov,12,Electrical Engineering,,,
Kayla,Yanshin,kyanshinjk@nymag.com,13,Statistics,,,
Karoly,Yemm,kyemm2q@yolasite.com,5,Biology,,Accounting,
Chandler,Yeo,cyeo4s@senate.gov,7,Interactive Mulitmedia,,,
Barrie,Yielding,byieldingj2@ezinearticles.com,5,Accounting,Psychology,Statistics,
Petronilla,Younger,pyoungerj9@tumblr.com,4,English,Economics,,
Sapphira,Yoxen,syoxenph@51.la,14,Computer Science,,,
Matty,Yukhnini,myukhninim4@dropbox.com,15,Sociology,,,
Marieann,Yukhnov,myukhnovaw@slashdot.org,8,Mathematics,,Journalism,
Saidee,Zamora,szamora7s@blogspot.com,5,Accounting,Psychology,Statistics,
Sayres,Zanni,szannihf@dot.gov,3,Computer Engineering,Communication Studies,,
Wendi,Zapatero,wzapaterorq@opera.com,4,History,Health & Exercise Science,,
Ninette,Zecchinelli,nzecchinelliqi@usda.gov,5,Computer Science,,,
Ariana,Zelake,azelakefn@etsy.com,5,Communication Studies,,Biology,
Cicily,Zohrer,czohrerlh@qq.com,6,Finance,,,
Cassie,Zorener,czorenerrb@europa.eu,8,Journalism,,Health & Exercise Science,
Carolyne,Zorzoni,czorzoni1p@indiegogo.com,7,Women & Gender Studies,,,
Kaitlynn,Zupone,kzupone54@java.com,8,Statistics,,,
